"product_id","product_handle","product_title","variant_id","variant_title","option1","option2","option3","sku","price_egp","compare_at_price_egp","available","featured_image"
7804844867632,"nude-amber","Nude Amber",42610736037936,"100","100",,,,"1850.00",,true,
7804844867632,"nude-amber","Nude Amber",42610736005168,"50","50",,,,"1100.00",,true,
7804844867632,"nude-amber","Nude Amber",42610735972400,"30","30",,,,"750.00",,true,
8047986114608,"purevelle","Purevelle",43483879637040,"30 ml","30 ml",,,,"550.00",,true,
8047986114608,"purevelle","Purevelle",43483879669808,"50 ml","50 ml",,,,"800.00",,true,
8047986114608,"purevelle","Purevelle",43483879702576,"100 ml","100 ml",,,,"1250.00",,true,
7735874912304,"tobacco-honey","Tobacco Honey",42389309161520,"100 ml","100 ml",,,"SP-052","1250.00","0.00",true,
7735874912304,"tobacco-honey","Tobacco Honey",42389309194288,"50 ml","50 ml",,,"SP-052","800.00","0.00",true,
7735874912304,"tobacco-honey","Tobacco Honey",42389309227056,"30 ml","30 ml",,,"SP-052","550.00",,true,
7735874584624,"forbidden-cherry","Forbidden Cherry",42389308145712,"100 ml","100 ml",,,"SP-042","1100.00","0.00",true,
7735874584624,"forbidden-cherry","Forbidden Cherry",42389308244016,"50 ml","50 ml",,,"SP-042","750.00",,true,
7735874584624,"forbidden-cherry","Forbidden Cherry",42389308211248,"30 ml","30 ml",,,"SP-042","500.00",,true,
7976568782896,"silvere","Silvere",43057660624944,"30 ml","30 ml",,,,"600.00",,false,
7976568782896,"silvere","Silvere",43057660657712,"50 ml","50 ml",,,,"900.00",,true,
7976568782896,"silvere","Silvere",43057660690480,"100 ml","100 ml",,,,"1600.00",,false,
8032720257072,"sundaze","Sundaze",43433688563760,"30 ml","30 ml",,,,"500.00",,true,
8032720257072,"sundaze","Sundaze",43433688596528,"50 ml","50 ml",,,,"700.00",,true,
8032720257072,"sundaze","Sundaze",43433688629296,"100 ml","100 ml",,,,"1100.00",,true,
7973168840752,"vanilla-91","Vanilla 91",43042776776752,"125ML","125ML",,,"BS-1","380.00","0.00",true,
7735876517936,"siwa-trail","Siwa Trail",42389313290288,"100 ml","100 ml",,,"SF-080","1750.00","0.00",false,
7735876517936,"siwa-trail","Siwa Trail",42389313323056,"50 ml","50 ml",,,"SF-080","950.00","0.00",false,
7735876517936,"siwa-trail","Siwa Trail",42389313355824,"30 ml","30 ml",,,"SF-080","600.00","0.00",false,
7954863554608,"pink-arrogance","Pink Arrogance",42973010526256,"30 ml","30 ml",,,,"450.00",,true,
7954863554608,"pink-arrogance","Pink Arrogance",42973010559024,"50 ml","50 ml",,,,"650.00",,true,
7954863554608,"pink-arrogance","Pink Arrogance",42973010591792,"100 ml","100 ml",,,,"1000.00",,true,
7954860539952,"pink-allure","Pink Allure",42973000663088,"30 ml","30 ml",,,,"590.00",,true,
7954860539952,"pink-allure","Pink Allure",42973000695856,"50 ml","50 ml",,,,"850.00",,true,
7954860539952,"pink-allure","Pink Allure",42973000728624,"100 ml","100 ml",,,,"1400.00",,true,
7954857918512,"lost-on-you","Lost On You",42972997648432,"30 ml","30 ml",,,,"750.00",,true,
7954857918512,"lost-on-you","Lost On You",42972997681200,"50 ml","50 ml",,,,"1100.00",,true,
7954857918512,"lost-on-you","Lost On You",42972997713968,"100 ml","100 ml",,,,"1900.00",,true,
7954855362608,"aurableu","Aurableu",42972982214704,"30 ml","30 ml",,,,"700.00",,true,
7954855362608,"aurableu","Aurableu",42972982247472,"50 ml","50 ml",,,,"1050.00",,true,
7954855362608,"aurableu","Aurableu",42972982280240,"100 ml","100 ml",,,,"1750.00",,true,
7924236714032,"absolute-drunk","Absolute Drunk",42843854667824,"30 ml","30 ml",,,,"750.00",,false,
7924236714032,"absolute-drunk","Absolute Drunk",42843854700592,"50 ml","50 ml",,,,"1100.00",,false,
7924236714032,"absolute-drunk","Absolute Drunk",42843854733360,"100 ml","100 ml",,,,"1850.00",,false,
7909727961136,"bleu-exclusive","Bleu Exclusive",42805930295344,"30 ml","30 ml",,,,"750.00",,true,
7909727961136,"bleu-exclusive","Bleu Exclusive",42805930328112,"50 ml","50 ml",,,,"1100.00",,true,
7909727961136,"bleu-exclusive","Bleu Exclusive",42805930360880,"100 ml","100 ml",,,,"1900.00",,true,
7735876878384,"belle-riche","Belle Riche",42389314043952,"100 ml","100 ml",,,"P085","1150.00","1450.00",true,"https://cdn.shopify.com/s/files/1/0648/9577/8864/files/belle-riche-4.jpg?v=1757237388"
7735876878384,"belle-riche","Belle Riche",42389314076720,"50 ml","50 ml",,,"P085","750.00","1000.00",true,
7735876878384,"belle-riche","Belle Riche",42389314109488,"30 ml","30 ml",,,"P085","550.00","650.00",true,
7776920109104,"bare-glow","Bare Glow",42538958422064,"30 ml","30 ml",,,,"450.00",,true,
7776920109104,"bare-glow","Bare Glow",42538958454832,"50 ml","50 ml",,,,"650.00",,true,
7776920109104,"bare-glow","Bare Glow",42538958487600,"100 ml","100 ml",,,,"1000.00",,true,
7767390748720,"bleu-intense","Bleu Intense",42502579781680,"100 ml","100 ml",,,,"1050.00",,false,
7767390748720,"bleu-intense","Bleu Intense",42502579814448,"50 ml","50 ml",,,,"700.00",,false,
7767390748720,"bleu-intense","Bleu Intense",42502579847216,"30 ml","30 ml",,,,"500.00",,false,
7754046046256,"silk-vanilla-body-lotion","Silk Vanilla Body Lotion",42440563228720,"120ML","120ML",,,,"350.00",,false,
7735877664816,"mango-pineapple","Mango Pineapple",42389315747888,"100 ml","100 ml",,,"P100","1850.00",,true,"https://cdn.shopify.com/s/files/1/0648/9577/8864/files/Mango-Pineapple.jpg?v=1757237439"
7735877664816,"mango-pineapple","Mango Pineapple",42389315780656,"50 ml","50 ml",,,"P100","1100.00",,true,
7735877664816,"mango-pineapple","Mango Pineapple",42389315813424,"30 ml","30 ml",,,"P100","750.00",,true,
7735877533744,"vanilla-bundle","Vanilla Bundle",42418323882032,"125ML / 120 ml / 30ML","125ML","120 ml","30ML",,"1060.00","1175.00",false,
7735877533744,"vanilla-bundle","Vanilla Bundle",42418323914800,"125ML / 120 ml / 50ML","125ML","120 ml","50ML",,"1240.00","1375.00",false,
7735877533744,"vanilla-bundle","Vanilla Bundle",42500489150512,"125ML / 120 ml / 100ML","125ML","120 ml","100ML",,"1555.00","1725.00",false,
7735877500976,"drunk-gold","Drunk Gold",42389315387440,"100 ml","100 ml",,,"P095","1950.00",,true,"https://cdn.shopify.com/s/files/1/0648/9577/8864/files/Drunk-Gold.jpg?v=1757237426"
7735877500976,"drunk-gold","Drunk Gold",42389315420208,"50 ml","50 ml",,,"P095","1150.00",,true,
7735877500976,"drunk-gold","Drunk Gold",42389315452976,"30 ml","30 ml",,,"P095","750.00",,true,
7735877402672,"marshmallow-bundle","Marshmallow Bundle",42418326962224,"125ML / 50ML","125ML","50ML",,,"950.00","1250.00",true,
7735877369904,"marshmallow","Marshmallow",42440551890992,"125ML","125ML",,,"SKU-44","375.00","0.00",true,
7735877238832,"lagoon-flair","Lagoon Flair",42389314732080,"100 ml","100 ml",,,"P091","1200.00","0.00",true,"https://cdn.shopify.com/s/files/1/0648/9577/8864/files/Lagoon-Flair.jpg?v=1757237409"
7735877238832,"lagoon-flair","Lagoon Flair",42389314764848,"50 ml","50 ml",,,"P091","750.00","0.00",true,
7735877238832,"lagoon-flair","Lagoon Flair",42389314797616,"30 ml","30 ml",,,"P091","450.00","0.00",true,
7735877206064,"boujee-blush","Boujee Blush",42389314633776,"100 ml","100 ml",,,"P090","1200.00","0.00",true,"https://cdn.shopify.com/s/files/1/0648/9577/8864/files/Boujee-Blush.jpg?v=1757237407"
7735877206064,"boujee-blush","Boujee Blush",42389314666544,"50 ml","50 ml",,,"P090","700.00","0.00",true,
7735877206064,"boujee-blush","Boujee Blush",42389314699312,"30 ml","30 ml",,,"P090","500.00",,true,
7735877173296,"sweet-oud","Sweet Oud",42389314535472,"100 ml","100 ml",,,"P089","1650.00","0.00",false,
7735877173296,"sweet-oud","Sweet Oud",42389314568240,"50 ml","50 ml",,,"P089","1000.00","0.00",false,
7735877173296,"sweet-oud","Sweet Oud",42389314601008,"30 ml","30 ml",,,"P089","650.00","0.00",false,
7735876911152,"libre-desire","Libre Desire",42389314142256,"100 ml","100 ml",,,"P086","1250.00","0.00",true,"https://cdn.shopify.com/s/files/1/0648/9577/8864/files/libre-desire-1.jpg?v=1757237390"
7735876911152,"libre-desire","Libre Desire",42389314175024,"50 ml","50 ml",,,"P086","800.00","0.00",true,
7735876911152,"libre-desire","Libre Desire",42389314207792,"30 ml","30 ml",,,"P086","500.00","0.00",true,
7735876747312,"sweet-rum","Sweet Rum",42440552022064,"125ml","125ml",,,"BS-1-1-1","375.00","0.00",true,
7735876649008,"apple-pie","Apple Pie",42440552054832,"125ML","125ML",,,"BS-1-1","375.00","0.00",true,
7735876616240,"silk-vanilla","Silk Vanilla",42440552120368,"125ML","125ML",,,"BS-1","375.00","0.00",true,
7735876583472,"gourmet","Gourmet",42389313486896,"100 ml","100 ml",,,"SF-081","2100.00",,false,"https://cdn.shopify.com/s/files/1/0648/9577/8864/files/IMG_7982-1-scaled.jpg?v=1757237362"
7735876583472,"gourmet","Gourmet",42389313519664,"50 ml","50 ml",,,"SF-081","1250.00","0.00",false,
7735876583472,"gourmet","Gourmet",42389313552432,"30 ml","30 ml",,,"SF-081","800.00","0.00",true,
7735876419632,"chocolate-creme","Chocolate Creme",42389312995376,"100 ml","100 ml",,,"SF-077","1250.00","0.00",true,
7735876419632,"chocolate-creme","Chocolate Creme",42389313028144,"50 ml","50 ml",,,"SF-077","750.00","0.00",true,
7735876419632,"chocolate-creme","Chocolate Creme",42389313060912,"30 ml","30 ml",,,"SF-077","450.00","0.00",true,
7735876321328,"layering-30-ml-bundle","Layering bundle",42418330370096,"30ML / 30ML / 30ML","30ML","30ML","30ML",,"1105.00","1650.00",true,
7735876321328,"layering-30-ml-bundle","Layering bundle",42418330402864,"30ML / 30ML / 50ML","30ML","30ML","50ML",,"1285.00","1850.00",true,
7735876321328,"layering-30-ml-bundle","Layering bundle",42418330435632,"30ML / 30ML / 100ML","30ML","30ML","100ML",,"1645.00","2300.00",true,
7735876321328,"layering-30-ml-bundle","Layering bundle",42418330468400,"30ML / 50ML / 30ML","30ML","50ML","30ML",,"1275.00","1900.00",true,
7735876321328,"layering-30-ml-bundle","Layering bundle",42418330501168,"30ML / 50ML / 50ML","30ML","50ML","50ML",,"1455.00","2100.00",true,
7735876321328,"layering-30-ml-bundle","Layering bundle",42418330533936,"30ML / 50ML / 100ML","30ML","50ML","100ML",,"1815.00","2550.00",true,
7735876321328,"layering-30-ml-bundle","Layering bundle",42418330566704,"50ML / 30ML / 30ML","50ML","30ML","30ML",,"1285.00","1850.00",true,
7735876321328,"layering-30-ml-bundle","Layering bundle",42418330599472,"50ML / 30ML / 50ML","50ML","30ML","50ML",,"1465.00","2050.00",true,
7735876321328,"layering-30-ml-bundle","Layering bundle",42418330632240,"50ML / 30ML / 100ML","50ML","30ML","100ML",,"1825.00","2500.00",true,
7735876321328,"layering-30-ml-bundle","Layering bundle",42418330665008,"50ML / 50ML / 30ML","50ML","50ML","30ML",,"1455.00","2100.00",true,
7735876321328,"layering-30-ml-bundle","Layering bundle",42418330697776,"50ML / 50ML / 50ML","50ML","50ML","50ML",,"1635.00","2300.00",true,
7735876321328,"layering-30-ml-bundle","Layering bundle",42418330730544,"50ML / 50ML / 100ML","50ML","50ML","100ML",,"1995.00","2750.00",true,
7735876223024,"coffee-vanilla","Coffee Vanilla",42389312471088,"100 ml","100 ml",,,"SF-074","1150.00",,false,
7735876223024,"coffee-vanilla","Coffee Vanilla",42389312503856,"50 ml","50 ml",,,"SF-074","750.00",,true,
7735876223024,"coffee-vanilla","Coffee Vanilla",42389312536624,"30 ml","30 ml",,,"SF-074","550.00",,true,
7735876190256,"layering-apple","Layering Apple",42389312405552,"50 ml","50 ml",,,"SF-073","650.00",,true,
7735876190256,"layering-apple","Layering Apple",42389312438320,"30 ml","30 ml",,,"SF-073","450.00",,true,
7735876059184,"caramel-vanigliato","Caramel vanigliato",42389312045104,"100 ml","100 ml",,,"SF-070","1550.00","0.00",false,
7735876059184,"caramel-vanigliato","Caramel vanigliato",42389312077872,"50 ml","50 ml",,,"SF-070","850.00",,true,
7735876059184,"caramel-vanigliato","Caramel vanigliato",42389312110640,"30 ml","30 ml",,,"SF-070","550.00",,true,
7735875829808,"luna-di-roma","Luna Di Roma",42389311488048,"50 ml","50 ml",,,"SL-012","600.00","0.00",true,
7735875797040,"coco-woods","Coco Woods",42389311455280,"30 ml","30 ml",,,"SF-069","850.00",,true,
7735875797040,"coco-woods","Coco Woods",42389311422512,"50 ml","50 ml",,,"SF-069","1300.00",,true,
7735875797040,"coco-woods","Coco Woods",42389311389744,"100 ml","100 ml",,,"SF-069","2300.00",,true,
7735875731504,"soul-poudree","Soul Poudree",42621716856880,"100","100",,,"SL-010","1050.00",,false,
7735875731504,"soul-poudree","Soul Poudree",42389311291440,"50 ml","50 ml",,,"SL-010","600.00","0.00",true,
7735875731504,"soul-poudree","Soul Poudree",42389311324208,"30 ml","30 ml",,,"SL-010","400.00","0.00",true,
7735875600432,"iris-elixir","Iris elixir",42389311062064,"100 ml","100 ml",,,"SL-006","1350.00",,false,
7735875600432,"iris-elixir","Iris elixir",42389311094832,"50 ml","50 ml",,,"SL-006","850.00",,false,
7735875502128,"hot-male","Hot Male",42389310898224,"50 ml","50 ml",,,"SL-003","800.00","0.00",true,
7735875502128,"hot-male","Hot Male",43006254972976,"100 ml","100 ml",,,"SL-003","1250.00",,false,
7735875436592,"marasi","Marasi",42389310701616,"100 ml","100 ml",,,"SF-067","1400.00","0.00",true,
7735875436592,"marasi","Marasi",42389310734384,"50 ml","50 ml",,,"SF-067","850.00","0.00",true,
7735875436592,"marasi","Marasi",42389310767152,"30 ml","30 ml",,,"SF-067","550.00","0.00",true,
7735875338288,"hibiscusex","Hibiscusex",42389310439472,"100 ml","100 ml",,,"SF-065","1650.00","0.00",true,
7735875338288,"hibiscusex","Hibiscusex",42389310472240,"50 ml","50 ml",,,"SF-065","1000.00","0.00",true,
7735875338288,"hibiscusex","Hibiscusex",42389310505008,"30 ml","30 ml",,,"SF-065","700.00",,true,
7735875272752,"male-elixir","Male Elixir",42389310242864,"100 ml","100 ml",,,"SL-001","1250.00","0.00",false,
7735875272752,"male-elixir","Male Elixir",42389310275632,"50 ml","50 ml",,,"SL-001","750.00","0.00",false,
7735875272752,"male-elixir","Male Elixir",42389310308400,"30 ml","30 ml",,,"SL-001","450.00","0.00",true,
7735875207216,"layering-lychee","Layering Lychee",42389310046256,"100 ml","100 ml",,,"SP-061","1000.00","0.00",false,
7735875207216,"layering-lychee","Layering Lychee",42389310079024,"50 ml","50 ml",,,"SP-061","650.00",,true,
7735875207216,"layering-lychee","Layering Lychee",42389310111792,"30 ml","30 ml",,,"SP-061","450.00",,false,
7735875010608,"stellar-nights","Stellar Nights",42389309521968,"100 ml","100 ml",,,"SP-056","2050.00",,false,
7735875010608,"stellar-nights","Stellar Nights",42389309489200,"50 ml","50 ml",,,"SP-056","1200.00",,true,
7735875010608,"stellar-nights","Stellar Nights",42389309456432,"30 ml","30 ml",,,"SP-056","800.00",,false,
7735874977840,"hot-vanilla","Hot Vanilla",42389309358128,"100 ml","100 ml",,,"SP-054","1550.00","0.00",true,
7735874977840,"hot-vanilla","Hot Vanilla",42389309390896,"50 ml","50 ml",,,"SP-054","850.00","0.00",true,
7735874977840,"hot-vanilla","Hot Vanilla",42389309423664,"30 ml","30 ml",,,"SP-054","550.00","0.00",true,
7735874879536,"layering-pistachio","Layering Pistachio",42389309063216,"100 ml","100 ml",,,"SP-051","1000.00","0.00",true,
7735874879536,"layering-pistachio","Layering Pistachio",42389309095984,"50 ml","50 ml",,,"SP-051","650.00",,true,
7735874879536,"layering-pistachio","Layering Pistachio",42389309128752,"30 ml","30 ml",,,"SP-051","450.00",,true,
7735874814000,"layering-vanilla","Layering Vanilla",42389308932144,"100 ml","100 ml",,,"SP-050","1000.00","0.00",true,
7735874814000,"layering-vanilla","Layering Vanilla",42389308964912,"50 ml","50 ml",,,"SP-050","650.00","0.00",true,
7735874814000,"layering-vanilla","Layering Vanilla",42389308997680,"30 ml","30 ml",,,"SP-050","450.00","0.00",true,
7735874715696,"mango-on-woods","Mango on woods",42389308637232,"100 ml","100 ml",,,"SP-046","1800.00",,true,
7735874715696,"mango-on-woods","Mango on woods",42389308670000,"50 ml","50 ml",,,"SP-046","1000.00","0.00",true,
7735874715696,"mango-on-woods","Mango on woods",42389308702768,"30 ml","30 ml",,,"SP-046","700.00",,true,
7735874682928,"pacific-elixir","Pacific Elixir",42389308538928,"30 ml","30 ml",,,"SP-045","600.00",,true,
7735874682928,"pacific-elixir","Pacific Elixir",42389308571696,"50 ml","50 ml",,,"SP-045","900.00","0.00",true,
7735874682928,"pacific-elixir","Pacific Elixir",42389308604464,"100 ml","100 ml",,,"SP-045","1500.00","0.00",true,
7735874551856,"carnal-trail","Carnal Trail",42389308047408,"100 ml","100 ml",,,"SP-041","1550.00",,true,
7735874551856,"carnal-trail","Carnal Trail",42389308080176,"50 ml","50 ml",,,"SP-041","900.00",,false,
7735874551856,"carnal-trail","Carnal Trail",42389308112944,"30 ml","30 ml",,,"SP-041","600.00",,true,
7735874519088,"insane-pineapple","Insane Pineapple",42389307949104,"100 ml","100 ml",,,"SP-040","1350.00","0.00",false,
7735874519088,"insane-pineapple","Insane Pineapple",42389307981872,"50 ml","50 ml",,,"SP-040","850.00","0.00",true,
7735874519088,"insane-pineapple","Insane Pineapple",42389308014640,"30 ml","30 ml",,,"SP-040","500.00","0.00",true,
7735874322480,"lady-killer","Lady killer",42389307424816,"100 ml","100 ml",,,"SP-034","1750.00",,true,
7735874322480,"lady-killer","Lady killer",42389307392048,"50 ml","50 ml",,,"SP-034","1100.00",,true,
7735874322480,"lady-killer","Lady killer",42389307359280,"30 ml","30 ml",,,"SP-034","750.00",,true,
7735874158640,"irresistible-vanilla","Irresistible Vanilla",42389306933296,"100 ml","100 ml",,,"SP-030","1000.00","0.00",true,
7735874158640,"irresistible-vanilla","Irresistible Vanilla",42389306998832,"50 ml","50 ml",,,"SP-030","600.00","0.00",true,
7735874158640,"irresistible-vanilla","Irresistible Vanilla",42389306966064,"30 ml","30 ml",,,"SP-030","400.00","0.00",true,
7735874125872,"summer-elegance","summer elegance",42389306867760,"100 ml","100 ml",,,"SP-029","2150.00",,true,
7735874125872,"summer-elegance","summer elegance",42389306900528,"50 ml","50 ml",,,"SP-029","1250.00","0.00",true,
7735874125872,"summer-elegance","summer elegance",42389306834992,"30 ml","30 ml",,,"SP-029","850.00","0.00",true,
7735873568816,"mawj","Mawj",42389305032752,"100 ml","100 ml",,,"SP-012","1850.00","0.00",false,
7735873568816,"mawj","Mawj",42389305065520,"50 ml","50 ml",,,"SP-012","1100.00","0.00",false,
7735873568816,"mawj","Mawj",42389305098288,"30 ml","30 ml",,,"SP-012","800.00","0.00",false,
7735873404976,"summer-holidays","Summer Holidays",42389304541232,"100 ml","100 ml",,,"SP-007","1700.00",,false,
7735873404976,"summer-holidays","Summer Holidays",42389304574000,"50 ml","50 ml",,,"SP-007","1000.00","0.00",true,
7735873404976,"summer-holidays","Summer Holidays",42389304606768,"30 ml","30 ml",,,"SP-007","650.00","0.00",false,
7735873044528,"citrine","Citrine",42389303459888,"100 ml","100 ml",,,,"1850.00","0.00",false,
7735873044528,"citrine","Citrine",42389303492656,"50 ml","50 ml",,,,"1150.00","0.00",false,
7735873044528,"citrine","Citrine",42389303525424,"30 ml","30 ml",,,,"750.00",,false,
7735872585776,"soiree","Soiree",42389301788720,"100 ml","100 ml",,,"SP-047","1400.00","0.00",true,
7735872585776,"soiree","Soiree",42389301821488,"50 ml","50 ml",,,"SP-047","850.00","0.00",true,
7735872585776,"soiree","Soiree",42389301854256,"30 ml","30 ml",,,"SP-047","550.00","0.00",true,
7735872389168,"alluring-rose","Alluring Rose",42389301264432,"100 ml","100 ml",,,,"1000.00",,false,"https://cdn.shopify.com/s/files/1/0648/9577/8864/files/alluring-rose.jpg?v=1757237015"
7735872389168,"alluring-rose","Alluring Rose",42389301231664,"50 ml","50 ml",,,,"650.00",,false,
7735872389168,"alluring-rose","Alluring Rose",42389301198896,"30 ml","30 ml",,,,"475.00",,false,
